电路de基础,https://www.bilibili.com/video/av963958
电磁波,https://www.bilibili.com/video/av1233176
化学,https://www.bilibili.com/video/BV13s411N7Ha
模电,https://www.bilibili.com/video/av29836906
linux,http://oeasy.org/category/system/linux/01/0101/010101uname/010101uname.html
windows,https://www.bilibili.com/video/av6711370
ios,https://www.bilibili.com/video/av9481984
rust,https://www.bilibili.com/video/av12818669
神弹幕,https://www.bilibili.com/video/BV1ks411o7ay
codeCombat,https://www.bilibili.com/video/BV1Bs411k7Fc
html5,https://www.bilibili.com/video/av5484234
css,https://www.bilibili.com/video/BV1hs41117be?p=48
javascript,https://www.bilibili.com/video/av32242815
ps/photoshop,https://www.bilibili.com/video/av875977
pr/premiere,https://www.bilibili.com/video/av1290353
ae/aftereffects,https://www.bilibili.com/video/av36288233
flash,https://www.bilibili.com/video/av893392
animate,https://www.bilibili.com/video/BV1Ns411n7ao
live2d,https://www.bilibili.com/video/av22931421
ch,https://www.bilibili.com/video/BV1aT4y1J7Lc
mmd,https://www.bilibili.com/video/av15484765
audition,https://www.bilibili.com/video/BV1qx411y74F
flstudio,https://www.bilibili.com/video/BV1Ks411M7TE
调音,https://www.bilibili.com/video/BV1ws411x7k4
我的世界,https://www.bilibili.com/video/av2484247
ce改游戏,https://www.bilibili.com/video/av92843096
word,https://www.bilibili.com/video/av1845738
excel,https://www.bilibili.com/video/av904511
ppt,https://www.bilibili.com/video/av1952150
access,https://www.bilibili.com/video/BV1Hh411S7Bv
工具软件,https://www.bilibili.com/video/av1845738
酷站,https://www.bilibili.com/video/av1071017
看图识字,https://www.bilibili.com/video/av953486
